ID,x^2,x,c,AIC,BIC
39835,0.000639889555556,4.63966266667e-05,5.48078444444e-07,-125.419747603,-125.181422978
39836,0.000131900580408,2.1791042004e-05,-4.01621288489e-08,-210.806873249,-209.89911797
39837,4.06905711867e-05,1.15965429945e-05,-1.34916846937e-08,-199.339927209,-198.43217193
39838,4.33682538469e-06,6.06823604928e-06,-4.67341129416e-09,-231.783074042,-230.875318763
39839,7.28845000826e-05,3.25966175394e-06,-1.5829543859e-09,-221.14552066,-220.237765381
39840,0.146922048668,0.179758637228,-0.0167689833023,-116.23989737,-111.489340555
39841,0.255826167561,0.440303683004,-0.0680825504111,-144.340592731,-139.199876531
39842,0.0899018396241,0.4687684992,-0.065582062296,-98.5435210175,-93.9644394437
39843,0.209408973053,0.540582945136,-0.0896700632141,-102.278243948,-98.2816304176
39844,0.240481895939,0.386179977526,-0.0492784778022,-142.164564959,-136.951556104
39845,0.167062627974,0.260065394257,-0.0255213451448,-81.8512992289,-78.3171377378
39846,0.178882708337,0.0686647090183,0.0104158139164,-78.764947453,-75.3584648052
39847,0.0852126164788,0.225553679413,-0.0208599818639,-119.035243034,-114.73328142
39848,0.0187662940301,0.426856853193,-0.0632814969024,-82.5318214805,-78.8751940059
39849,-0.00775578977585,0.518253889937,-0.0977844276872,-75.7813002331,-72.6477329199
39850,0.0410477292349,0.335689954562,-0.0525281523467,-79.8247333951,-76.9914164576
39851,-3.299555025e-06,7.77442630785e-08,-1.04887411387e-10,-128.419620098,-129.591306361
39852,-1.63263012051e-07,6.68820667309e-08,-4.69647329961e-11,-135.14842087,-136.320107133
39853,-6.30208196248e-06,1.57557306922e-07,-2.10982590213e-10,-122.618295815,-123.789982078
39854,-1.53837152924e-06,6.21881716233e-08,-2.28717046391e-11,-126.126788171,-127.298474434
39855,2.18029303927e-06,1.66736276684e-08,-4.40209845987e-12,-134.687581473,-135.859267735
39856,4.35315148059e-06,5.92457494769e-08,-2.31687370238e-11,-116.388789416,-117.560475678
39857,-1.41708473599e-06,1.38094972041e-07,-7.99305450184e-11,-123.648605166,-124.820291428
39858,-3.65419605106e-07,9.1233781199e-08,2.71974586577e-11,-114.07287809,-115.244564353
39859,8.93212923386e-07,3.5436919531e-09,4.35761119596e-12,-143.951814552,-145.123500815
39860,-2.79305800289e-07,8.80888092863e-08,-1.03739777527e-10,-127.323558971,-128.495245234
39861,4.64612303928e-08,1.09405532856e-07,-1.77616765341e-10,-125.888872842,-127.060559105
39862,-2.3557212297e-07,5.71997520776e-08,-3.4231044931e-11,-127.241072244,-128.412758507
39863,-0.000227704828451,2.79132741131e-05,-1.11188116519e-07,-90.0673748772,-91.2390611399
39864,0.00016644531621,3.11759037279e-05,-1.69403999457e-07,-88.6359722901,-89.8076585528
39865,8.97742258006e-05,5.86378019721e-06,-5.44475031663e-09,-101.433898037,-102.6055843
39866,0.000159287773587,1.4118003572e-05,-1.28159752126e-08,-89.0206282663,-90.192314529
39867,1.03120738194e-05,1.43985656414e-05,-6.76979952958e-08,-96.9382651122,-98.1099513749
39868,0.000145203106423,2.59890432413e-05,-1.08251757367e-07,-103.3145163,-103.939237892
39869,0.000400229998237,5.01966805313e-05,-1.69527064286e-07,-88.0643927887,-88.689114381
39870,0.000380286660453,3.90678660093e-05,-7.14148112727e-08,-103.145209268,-103.76993086
39871,0.000534814344584,5.34911510596e-05,-1.27661072642e-07,-83.8796954564,-84.5044170487
39873,0.000103967501889,9.11427024491e-06,-3.25768704464e-08,-113.816749038,-114.44147063
39874,0.00021860945063,2.6505427725e-05,-1.0091083764e-07,-104.503270192,-105.127991784
39875,0.00123078874887,1.86501447617e-05,-3.65910255816e-08,-88.6803452436,-89.305066836
39876,0.000119708024433,8.33879699346e-05,-3.3220849935e-07,-86.9357007638,-87.5604223561
39877,4.74387562972e-05,9.06005080296e-05,-3.47122556506e-07,-91.5095575779,-92.1342791703
39878,4.01961515113e-05,7.67276466367e-06,-2.66070044216e-08,-118.672767756,-119.297489348
39879,0.000258951218136,1.53268792974e-05,-5.71937197259e-08,-107.813650868,-108.43837246
39880,0.000535392438287,3.32705156374e-05,-1.16841739254e-07,-95.0331373588,-95.6578589511
39881,0.000833521923426,3.66431829187e-05,-1.11078973105e-07,-98.5813198124,-99.2060414048
39882,0.00031121583728,5.70476589979e-05,-1.92623368923e-07,-94.7412196714,-95.3659412637
39883,-5.730044e-05,8.3068525e-05,-2.4051875e-06,-1019.58986606,-1013.85379704
39884,2.86945752955e-05,1.06059077424e-05,-3.95987520463e-07,-118.248001762,-119.419688025
39885,4.07288571146e-05,1.62931775692e-05,-9.37362944664e-07,-123.232063164,-123.856784756
39886,2.08204993005e-05,1.61918809857e-05,-9.79699774023e-07,-125.101754635,-126.273440898
39887,1.36080444444e-05,7.10325555556e-06,-6.56388888889e-08,-111.593029729,-112.764715991
39888,-2.4389e-05,1.75005980645e-05,-2.38723225806e-07,-75.3033666012,-77.1444835178
39889,-5.44896666667e-05,2.16790974194e-05,-6.78643010753e-08,-78.4378151119,-80.2789320286
39890,0.000158414855357,-6.6223452381e-07,1.26983134921e-07,-111.338467205,-111.963188798
39891,0.000295992280804,2.06374324405e-05,-1.93691220238e-07,-104.087074593,-104.711796185
39892,-0.000279182766312,1.84346030723e-05,-3.19672796365e-08,-334.382061367,-331.548744429
39893,-0.000202152831237,1.82124118766e-05,-8.97003823178e-08,-338.011915256,-335.340799983
39894,0.000241097554038,4.16624130809e-05,-4.74118960385e-07,-122.745203667,-122.90747322
39895,3.62216092715e-05,0.000138465342604,-1.70125848052e-06,-141.264100858,-141.025776232
39896,0.000162379911541,1.58477495849e-05,1.01886208877e-06,-144.779153244,-144.540828619
39897,7.22356876658e-05,5.29470231025e-05,-1.45243354877e-06,-145.312210366,-145.073885741
39898,-2.42844777401e-05,0.000162890502881,-2.99738261584e-06,-166.751177594,-166.512852969
39899,-4.86723292515e-05,0.000162404362258,-3.77087303823e-06,-153.463555144,-153.225230519
39900,3.48742873513e-05,9.93493990412e-05,-2.37930412802e-06,-153.954478382,-153.716153757
39901,-0.000188844089706,0.000223119470804,-6.51042909794e-06,-146.683090249,-146.444765624
39902,3.89965893162e-05,5.56010493543e-05,-1.5889313427e-06,-136.050087142,-135.811762517
39903,9.82550180792e-05,2.37999163925e-05,-8.86563926353e-07,-133.190378715,-132.95205409
39904,-9.80131296154e-05,0.000146978684421,-2.5434109306e-06,-150.084158409,-149.845833784
39905,6.21628803584e-05,8.28345140863e-05,-5.85900895453e-07,-143.583463129,-143.345138504
39906,5.64268613672e-05,6.35917279252e-05,-1.4818525376e-06,-150.736302958,-150.497978333
39907,0.004446464875,0.000296492884196,-1.7535386486e-07,-248.443398141,-245.170270781
39908,4.81938592327e-05,3.51007049661e-06,-2.06442986064e-08,-167.873176939,-167.634852314
39909,2.30683722395e-05,8.13023372005e-06,-3.41679323615e-08,-164.498080182,-164.259755557
39910,305.448531102,0.000622316097271,-5.88892052925e-12,648.614308589,653.680946951
39911,-670.828217952,0.000768523787765,-1.47853587353e-11,655.676182248,660.889191103
39912,-0.000920640422334,0.000723647612585,-5.94124399281e-06,-123.973736989,-123.735412364
39913,-1.26340339206e-05,8.78107769267e-09,-4.02191990184e-14,-107.833566043,-109.67468296
39914,4.07838489018,1.13001252826e-05,-7.76974541754e-12,14.5208187133,15.7145045317
39915,0.0227432372193,8.75398999019e-05,-6.36050425661e-08,-108.038168748,-106.583448798
39916,0.0912281259989,0.000113172499923,-1.26363852998e-08,-40.5751457395,-40.7374152923
39917,-4.41436972486e-05,0.000130540098949,-1.69703011777e-06,-96.6589564443,-97.830642707
39918,0.0152100374677,0.000185288928205,-2.01920468614e-07,-111.515299643,-110.923625911
39919,4.02562915445e-05,0.000260334946648,-4.02692744658e-07,-92.7259058124,-93.8975920751
39920,0.000200160345767,0.000249040444041,-1.56648292326e-07,-83.3559540715,-84.5276403342
39921,-0.000444512263331,0.000361465115701,-4.54278285471e-06,-79.8548108096,-81.0264970723
39922,0.000400730010182,0.000181106037003,-1.99126119778e-06,-77.6376391691,-78.8093254318
39923,0.000657896028238,0.000118763805191,-1.59391099581e-06,-81.4039778866,-82.5756641493
39924,3.5506845044e-06,3.84765641044e-06,-7.25339651517e-08,-160.99048263,-161.615204222
39925,0.0558421630679,0.000724782346426,-1.21686557358e-07,-162.016404942,-157.265848127
39926,2.1478718332e-05,1.24772850399e-05,-4.56724963471e-07,-133.304400937,-134.476087199
39927,-9.03092643588e-06,1.02803329774e-05,-4.72406429133e-07,-121.289767813,-122.461454076
39928,5.07411101495e-05,6.35021973699e-06,-1.51925592896e-07,-121.063167074,-122.234853337
39929,1.49900472069e-05,6.82070641789e-06,-1.62029335731e-07,-117.885692942,-119.057379205
39931,2.20917013985e-05,6.45552728606e-06,-7.41745911802e-08,-133.519201251,-134.143922844
39932,0.32706095058,0.621780215125,-0.354873568226,-162.827047044,-158.337524359
39933,0.00070048220921,0.00027175198576,-3.51796443975e-05,-297.060424626,-294.560784594
39934,200.742830418,31.0632467311,-0.261673286014,188.54552596,191.216641234
39935,2.45401649788e-06,9.58602519324e-06,-1.85859955107e-07,-159.69809353,-159.860363083
39936,2.59348360705e-05,6.99253459919e-06,-4.11533950438e-08,-111.629821548,-112.254543141
39937,6.3e-07,5.09860215054e-07,-1.99462365591e-08,-154.348502429,-155.520188692
39938,4.07843137255e-07,3.57540796964e-07,-1.30234029096e-08,-156.215449553,-157.387135816
39939,0.000566529695926,1.0279401002e-06,-8.20977501206e-12,-433.354532872,-428.957325164
39940,5.02179928653e-05,2.50719199389e-07,-4.32711311377e-11,-1618.28243221,-1611.13635231
39941,0.00467457865655,0.000382295013543,-1.22824058139e-06,-108.354068485,-107.762394753
39942,0.00971136553357,0.00167677386239,-1.35737360745e-05,-186.639750718,-183.366623358
39943,0.0307006651606,0.00367930084295,-1.36267197705e-05,-92.9932338103,-91.5385138609
39944,0.100712489259,0.0112252806173,-7.23824571736e-05,-118.886077248,-115.351915757
39945,-8.63558221873e-06,4.74940035967e-06,-5.82083848488e-08,-111.64034123,-112.812027493
39946,-1.93546396538e-05,1.16400641789e-05,-1.18618671462e-07,-114.495791995,-115.667478258
39947,2.55305592978e-06,5.18408338024e-08,-1.38522920326e-11,-259.625318337,-258.431632519
39948,-0.00064059670393,1.04468054184,-0.933281892336,-29.3462243554,-30.5179106181
39949,0.147580845748,0.28316184395,-0.212573722218,-39.2148826547,-40.3865689174
39950,0.0258831774144,0.69999801555,-0.677888650495,-35.4101010716,-36.5817873343
39951,1.83649375e-05,1.44858063445e-05,-1.59796011795e-07,-134.000016002,-134.624737595
39952,3.50161875e-05,-4.34720141843e-06,1.30443269913e-07,-135.022959177,-135.647680769
39953,1.79994901961e-05,8.4373855155e-06,-1.58467267552e-07,-110.853280533,-112.024966795
39954,-6.6227125e-06,5.00565670323e-06,-2.67429431515e-08,-135.777494082,-136.402215675
39955,-9.58857142857e-07,1.13206785714e-05,-6.7915e-08,-144.082470052,-144.244739604
39956,-7.08807142857e-05,1.22390488095e-05,-9.64372619048e-08,-139.371973061,-139.534242614
39957,-4.41785714286e-05,1.02001488095e-05,-5.96729761905e-08,-138.328432527,-138.49070208
39958,-4.98808571429e-05,1.43338916667e-05,-9.62729761905e-08,-144.567293072,-144.729562625
39959,-4.90585714286e-06,6.70544880952e-06,-8.00154761905e-09,-138.55822329,-138.720492843
39960,-7.32058635571e-06,8.55181987396e-06,-2.15121673864e-07,-143.698913999,-144.323635591
39961,-2.35830909091e-06,1.85809960899e-06,-3.86792277615e-08,-153.862612222,-154.487333814
39962,0.000311639689913,2.40949844071e-05,-1.64485123575e-08,-86.5531792474,-87.1779008398
39963,0.00335700732564,2.07691099922e-05,-1.85159331439e-08,-126.543117058,-125.635361779
39964,0.00058755985493,2.42818076261e-05,-1.17074947898e-08,-56.544948294,-57.7166345567
39965,0.0452836975772,0.000506152070419,-2.5688659833e-07,-46.1861430625,-45.5944693305
39966,0.200663435664,0.000423100458719,-3.47169463058e-07,-52.3421631675,-51.4344078885
39967,0.0609504099201,0.000238052318826,-1.64029835789e-07,-28.2609454431,-30.1020623597
39968,0.103572958915,0.00109558755892,-3.01415814688e-07,-19.6793751172,-20.8510613799
39969,0.169579260435,0.00186317316649,-1.49232701681e-06,-18.3629921898,-19.5346784525
39970,0.116446491413,0.000595338597097,-1.36191476396e-07,-25.6678350624,-26.8395213251
39971,0.403532691447,0.00266915395987,-1.6104615994e-06,-10.0557673052,-11.2274535678
39972,0.482513281037,0.0113145100614,-1.86549786145e-05,-29.9871117172,-28.0699397283
39973,9.93952639455,104.206758164,-53.7024136608,30.9619217105,30.3372001182
39974,-1437.17181578,0.000184263182064,-2.99325087034e-12,63.9646648971,63.3399433048
39975,-7.00394730049,7.08914236337e-05,-1.27913572825e-12,59.141753662,58.5170320697
39976,425.078816786,0.000208369115304,-4.34051688727e-12,96.0116952953,95.8494257424
39977,-0.0126992512576,0.0227753180914,-0.000303000731788,-59.0002753529,-59.1625449058
39978,-0.0437788652506,0.0686116178479,-0.00169253939592,-36.4614757113,-36.6237452641
39979,-0.00212908013489,0.0254407287399,-0.000684762047168,-49.7182244692,-50.3429460616
39980,-0.0836760110015,0.0793429340032,-0.00228357372638,-31.0664836908,-31.6912052831
39981,2.008e-05,8.30571428571e-07,-5.71428571429e-09,-146.059035882,-146.683757474
39982,0.00471805441766,4.89999585932e-05,-2.77585788609e-08,-97.4833641258,-96.8916903938
39983,9.24708779235e-07,2.19590740513e-07,-5.35158254783e-08,-327.283886593,-326.090200774
39984,-1.13323773482e-05,1.12281388511e-05,-6.43473128233e-08,-123.639578346,-124.264299938
39985,1.18063333333e-05,9.98496645161e-06,-4.23759139785e-08,-95.6026227266,-97.4437396433
39986,8.1e-06,3.48806451613e-06,-1.66129032258e-07,-103.584918152,-105.426035069
39987,0.00195056204966,1.96911256642e-06,-5.69666348022e-11,-196.852453894,-194.181338621
39988,0.0041929696221,3.56970980134e-06,-4.24386410963e-11,-153.886185583,-150.75261827
39989,1.51111800569e-05,1.58537802012e-06,-3.84679892288e-09,-187.768521027,-187.530196402
39990,1.63433542338e-05,5.07862847916e-07,1.29826528548e-08,-183.613589485,-183.37526486
39991,1.92302518276e-05,1.54376821052e-06,-2.61351866646e-08,-198.566001797,-198.327677172
39992,0.0404066533006,0.480549073712,-0.0155589868927,-12.1340255335,-11.5423518015
39993,-1.71671873868e-05,2.40840978812e-05,-8.44827916381e-07,-137.715434312,-138.340155904
39994,-1.0973750315e-06,4.89764026126e-07,-1.00094644505e-09,-181.445259775,-181.20693515
39995,-5.16811138059e-06,6.85900628546e-07,-1.05696109407e-09,-171.486372772,-171.248048147
39996,-1.30416664185e-05,1.06632479423e-06,-1.86770479746e-09,-172.179767522,-171.941442897
39997,-6.01208170413e-05,2.73709811193e-06,-6.13452419936e-09,-163.550807734,-163.312483109
39998,0.0538385500308,0.00156644330397,-1.35613614296e-06,-40.9781425565,-40.7398179315
39999,0.0657223772708,0.00195685988373,-1.71075186475e-06,-32.0892037916,-31.8508791666
40000,-0.0204377251453,0.00474407283955,-4.17084048171e-06,-32.5967364639,-32.3584118389
40001,-0.0416076070684,0.00498768719911,-4.90832158799e-06,-49.6258066329,-49.3874820079
40002,3.63517751702e-05,-3.15361626506e-07,8.94877353502e-09,-149.909299634,-150.071569187
40003,-1.88031411824e-05,5.1437892404e-06,-2.5774107596e-08,-142.803864517,-142.96613407
40004,-0.000217817053277,0.000321832712187,-8.12312294137e-06,-177.677120554,-176.222400605
40005,0.00150435055817,0.000274508104734,-7.48922184133e-06,-163.312238843,-161.857518894
40006,0.000733076151637,0.000236887407877,-4.89504153456e-06,-178.452273564,-176.997553614
40007,0.00153791296777,0.000357564916288,-9.03550258466e-06,-174.935370098,-173.480650149
40008,-0.000196773571429,0.000900615535714,-3.91797142857e-05,-115.426114215,-115.18778959
40009,0.00110243743079,0.000439941242861,-9.7456195054e-06,-162.379371438,-160.924651489
40010,49.5053227039,0.0553241779589,7.69731820846e-07,44.8430062874,44.218284695
40011,-2.24287790574e-05,1.92278623463e-05,7.39342795092e-08,-115.501796191,-116.673482454
40012,-8.37495123248e-05,6.25461141378e-05,-8.64485698066e-06,-110.370169054,-112.211285971
40013,0.387477567888,0.600416292355,-0.568369385053,-44.602861401,-44.364536776
40014,0.349040527321,0.863852646841,-0.638529628196,-39.4320572841,-39.5943268369
40015,0.106310775166,0.202705738223,-0.126918785894,-31.1591148694,-33.000231786
40016,0.0624342805865,0.861025694282,-0.815137034729,-24.5055467238,-26.3466636404
40017,-0.000264306766966,5.72391532435e-05,-5.81043343313e-07,-482.863880525,-478.867266994
40018,5.38170650176e-05,4.02632025458e-05,-3.56824512482e-07,-522.063317193,-517.76135558
40019,0.000413618982296,-1.76639141096e-05,9.45933723872e-07,-465.050672778,-461.276383164
40020,4.49954322847e-05,2.50773460761e-05,-1.91558333959e-07,-465.107802336,-461.220291738
40021,-2.48899014493e-06,2.25797327826e-05,-2.87191255072e-07,-344.557009636,-341.723692699
40022,-2.04957979118e-05,1.087549749e-05,-1.45504008103e-07,-379.41676746,-376.583450523
40023,0.000423569615465,9.70975267213e-06,2.03237915798e-07,-116.753284913,-116.915554466
40024,0.000351067314451,8.54417377509e-05,3.10696244055e-08,-106.341033857,-106.50330341
40025,0.000107472607509,8.40640258464e-06,5.73463455094e-08,-163.649828463,-162.456142644
40026,0.000804669215005,2.77759156505e-05,3.06364409351e-08,-94.3224942155,-94.4847637684
40027,-0.00188123256929,0.000394510871974,-4.9730927688e-07,-115.776124286,-115.184450554
40028,0.00416095826851,-5.94984079602e-06,2.33078568004e-07,-85.0138377436,-85.1761072964
40029,3.54511459847e-05,5.43367831537e-05,-2.40938571831e-07,-136.25337396,-135.345618681
40030,0.00124857501903,1.73805547283e-05,1.60552977232e-07,-79.3564154868,-79.9811370791
40031,0.000368223316074,5.04755545937e-06,-1.20209849609e-08,-185.548819681,-184.641064402
40032,0.000296298921919,1.02938385462e-07,1.27730651668e-09,-152.56103241,-152.723301963
40033,0.155514372159,0.000249476976119,-2.374396295e-08,-237.653519399,-232.440510544
40034,9.47066687164e-08,-6.88349874188e-08,4.9648760965e-08,-373.031264173,-371.837578355
40035,10.7491499978,0.430791332205,-0.000583414716256,171.421868835,175.07849631
40036,0.24079196465,1.70660431533,-0.0011105927369,266.98289997,270.517061461
40037,-2.73927708229,0.162450436014,-0.0001722616185,111.282294988,114.415862301
40038,0.071765979244,0.179240413846,-0.0135704649101,-155.411304398,-150.921781714
40039,0.071158422333,0.138513548812,-0.0106397924257,-168.633918083,-164.054836509
40042,0.000811933270254,2.63055091489e-05,-5.27446193419e-08,-1162.85858244,-1155.42657199
40043,0.000573750401726,1.27740619895e-05,-1.88415136418e-08,-1248.91573658,-1241.48372613
40044,0.0106788380818,0.00122049353852,-2.36826150505e-06,-46.0474750866,-47.2191613493
40045,-0.000309810163877,0.000393777449605,-2.33366218397e-06,-296.041433539,-292.153922941
40046,0.000949823234979,0.000422097263846,-2.09726074668e-06,-242.137191086,-238.730708438
40047,-2.46322996748e-05,1.1942770479e-05,-5.84092053602e-08,-1379.08019447,-1372.20881615
40048,-2.64828337536e-05,1.30624859736e-05,-1.46673569892e-08,-1213.13969887,-1206.35165924
40049,-1.22453191865e-05,1.27854205742e-05,-2.8162683823e-08,-863.795104184,-858.181501151
40050,0.514914771782,0.00538105327604,-8.77525654898e-06,-294.536354599,-285.668873427
40051,0.534022009221,0.000398724595999,-2.02628043253e-07,-219.675774152,-211.713893102
40052,-2.89155867769e-05,1.61313908033e-05,-2.87439203931e-07,-1491.8445003,-1485.09901457
40053,-2.94764933884e-05,1.62966577529e-05,-2.88918002263e-07,-1507.64756943,-1500.90208371
40054,-1.04641892562e-05,1.01289054555e-05,-1.80556374213e-07,-1453.46253786,-1446.71705213
40055,1.9921085124e-05,3.45572213941e-06,-3.16959532418e-08,-1516.69185535,-1509.94636962
40056,-9.80645828545e-06,6.58532751092e-05,-2.21970121811e-05,-115.286195516,-116.457881779
40057,-0.00014004236802,0.000141075862555,-4.0849429263e-06,-117.766410326,-118.391131918
40058,-0.00058856925,0.0002406854625,-1.1580734375e-05,-68.5182709146,-70.3593878312
40059,2.66372099856e-05,0.000100787674761,-3.1857671749e-06,-162.443984005,-161.852310273
40060,-8.02122e-05,8.62021321429e-05,-2.08669196429e-06,-91.745608312,-92.9172945747
40061,0.000192500132325,3.3162482859e-06,-1.26633146214e-08,-149.986334459,-149.748009834
40062,4.03247057922e-05,6.08312859874e-06,-2.04435382969e-08,-160.629223994,-160.390899369
40063,1.16826857186e-06,1.05353588516e-10,-1.24425630075e-15,-498.786583009,-496.286942977
40064,-0.000609026655245,0.000131333754652,-1.05007584548e-06,-238.578401307,-236.078761275
40065,-0.000111725497243,3.23578503268e-05,-1.31186955214e-07,-309.386312039,-306.252744726
40066,0.00100434002625,3.85651408563e-05,1.84360498343e-07,-173.789448706,-171.471682539
40067,-4.91963202165e-05,4.41242640779e-05,2.51067425572e-08,-268.556408091,-264.899780617
40068,0.0135493985372,0.000448881610454,-3.11136189521e-06,-71.6971857545,-72.3219073468
40069,0.0270022386721,-0.000346346151569,5.69795522552e-06,-66.6909761858,-67.3156977782
40070,0.0452852046031,-1.79992771625e-05,2.39952024261e-06,-45.0436004472,-45.6683220395
40071,0.0635396551977,-6.98630722743e-05,1.15316280378e-06,-41.3992740039,-42.0239955963
40072,0.0408172286321,0.00208781019022,-1.42610348532e-05,-46.9322692375,-47.5569908298
40073,0.0254891760822,0.00257950964329,-2.12930908099e-05,-38.4091105933,-39.0338321857
40074,0.032261273765,0.00185901008416,-1.57982295633e-05,-45.1176339999,-45.7423555922
40075,0.0154638408507,0.000768768143673,-5.36605432777e-06,-58.0046136999,-58.6293352922
40076,0.021679626491,0.00167917888223,-1.02840720548e-05,-43.4648008237,-44.089522416
40077,0.000611234118932,-6.19979829414e-06,5.84909472212e-08,-88.3226409495,-88.9473625418
40078,0.00290697033524,-9.09422679765e-06,9.4963754315e-09,-87.7532031724,-88.3779247647
40079,0.00399102009276,7.79501777481e-06,-8.99615377213e-09,-75.5904003697,-76.215121962
40080,0.00687831847907,1.15436732824e-05,-1.06818173843e-08,-66.4987451565,-67.1234667488
40081,0.00787110434625,5.22927224137e-05,-3.83880054509e-08,-70.6253279675,-71.2500495599
40082,0.0107954714076,5.26047711014e-05,-2.80853903199e-08,-58.2537588426,-58.8784804349
40083,0.00455225967871,0.000127610966657,-1.00506951793e-07,-75.6713380089,-76.2960596012
40084,0.00370224183271,0.000128766040413,-9.59683651e-08,-62.4513663311,-63.0760879234
40085,0.0086888924804,5.60456889362e-05,-3.32456553576e-08,-57.3959221476,-58.0206437399
40086,0.00722968553365,0.000100216010945,-6.11381776294e-08,-61.8121056256,-62.436827218
40087,0.00106603373112,9.43844839976e-05,-6.05930612045e-08,-74.8953111467,-75.5200327391
40088,5.22720283655e-05,5.60319978831e-05,-4.00562419239e-07,-98.8149684578,-99.4396900501
40089,0.000926809990627,-1.00714688631e-05,3.69723131104e-07,-89.3054408747,-89.930162467
40090,-0.000632251212557,6.97844267588e-05,-3.47400899417e-07,-90.0148499399,-90.6395715322
40091,0.00068238842923,4.89040813859e-05,-5.0221516015e-07,-89.9697337615,-90.5944553539
40092,-0.00010671034155,5.4633113671e-05,-3.63590085724e-07,-89.4556340424,-90.0803556348
40093,4.4013915217e-06,5.92690193621e-05,-3.95047684325e-07,-92.6373707419,-93.2620923342
40094,0.000870172100496,7.02013530508e-06,3.74647914562e-07,-88.5391430226,-89.1638646149
40095,-0.000581164806073,8.0297997237e-05,-4.82561061929e-07,-85.6798080738,-86.3045296661
40096,-0.000449013087143,7.52050730994e-05,-4.80867455666e-07,-100.856320741,-101.481042333
40097,0.00038718545837,7.76960229908e-06,7.89208812639e-08,-104.435286973,-105.060008566
40098,2.43032745327e-05,1.50744329569e-07,2.79521475081e-10,-548.047330245,-544.513168754
40099,-3.01852129401e-05,1.56336195033e-05,-5.70677634652e-07,-835.798473831,-830.731835468
40100,1.13854760936e-05,2.8932385334e-07,-2.15082876049e-09,-917.658811197,-912.592172835
40101,1.1966186063e-05,1.00908496008e-06,-1.59369885757e-08,-1646.68201279,-1639.85201444
40102,-0.167276523181,4.65065813632e-06,-2.95307842228e-12,-266.798379973,-258.953018423
40103,3.5263597878e-07,1.94423840937e-07,-5.90175100119e-10,-188.90702233,-188.668697705
40104,2.86226196319e-06,1.1078363684e-07,-3.19153016218e-10,-206.531611683,-206.293287058
40105,-7.69548333333e-06,4.66982278914e-06,-4.07668079544e-08,-151.178443668,-151.80316526
40106,-9.98328932886e-07,2.28088851309e-06,-6.7726077355e-08,-125.357501624,-126.529187887
40107,-1.31714525257e-07,2.40081743869e-07,4.89205617271e-10,-167.440033106,-168.611719369
40108,0.000333313574337,0.000261566517663,-4.45138367971e-07,-588.073739351,-581.644335172
40109,0.00120326659562,0.000124356139343,7.01252213445e-09,-706.454340693,-699.708854966
40110,0.000122854669002,0.000196905572698,-4.5212594169e-07,-747.700707261,-740.870708904
40111,0.000873120009194,1.61651268227e-05,-1.57484451329e-08,-92.7296278958,-93.3543494881
40112,0.33544776366,0.0027569593073,-2.12833416986e-06,-16.8637364988,-18.0354227615
351,0.0978104743138,0.000244016426491,2.34351343245e-08,-64.1178027157,-60.9842354025
814,0.000178020975295,-7.94714641743e-06,2.23346023473e-07,-158.46105195,-157.869378218
71,-9.00772919014e-05,1.74119301906e-05,-1.6991785074e-07,-109.581352999,-110.206074592
445,-9.66727272727e-06,1.01115781818e-06,-3.34545454546e-11,-98.644347687,-100.485464604
3,4.32309468851e-05,3.90899075138e-06,-1.43291389299e-08,-81.8781637305,-83.7192806472
2,-1.18627023254e-05,3.84314574512e-06,-1.29741607614e-08,-115.768312487,-117.609429404
450,9.58301031117e-06,3.35044306151e-06,-5.77920884062e-08,-143.7948757,-144.419597293
140,0.0411005249607,0.000804805680422,-7.16934635789e-07,-51.5914290719,-52.2161506642
79,5.64689475345e-05,7.81928380506e-06,-4.4563801454e-08,-210.349199059,-209.44144378
713,6.79823888027e-05,3.20121336765e-06,-2.56664224797e-08,-622.272204027,-617.970242414
708,7.54098823529e-05,6.78967305503e-06,-5.03790891841e-08,-99.2415791111,-100.413265374
920,0.375564461563,0.00263304601637,-2.6513475311e-06,-19.8792867387,-20.504008331
721,5.95208469519e-06,4.51951032818e-07,-7.03620612694e-09,-155.599830284,-156.224551876
687,5.649586875e-06,1.01270913296e-05,-2.25153388287e-07,-1300.94141194,-1294.65837825
691,4.07044625e-06,9.1844730525e-06,-1.44195076782e-07,-1239.5065793,-1233.22354561
6,-6.32585505029e-06,7.36695340292e-06,-6.71456980351e-08,-619.223562068,-614.82635436
695,8.49714324392e-05,5.15057850096e-05,-3.03433294279e-07,-92.1410826714,-93.3127689341
40114,-5.13651053659e-05,9.69006217886e-06,-1.25176520325e-07,-97.0339594553,-98.205645718
40115,0.0789439683791,0.00280065763946,-1.71491673337e-05,-33.71112274,-34.3358443323
40116,0.145920301477,0.0086231418337,-5.85468184572e-05,-28.2868469333,-28.9115685256
40117,0.128334442692,0.0109684812196,-5.74062809835e-05,-30.8836657703,-31.5083873626
40118,0.0646050439871,0.00224699044538,-1.17274868659e-05,-43.0029502622,-43.6276718545
40119,0.108906766122,0.00779090375367,-4.11838224205e-05,-39.8374529277,-40.4621745201
40120,0.109916350942,0.0100112610548,-4.78383814924e-05,-40.0607396635,-40.6854612559
40121,0.00114394274375,0.00152762869704,4.43202514499e-06,-67.5011944658,-68.1259160581
40122,-1.57060317044e-06,2.65757873944e-06,-3.37046129391e-08,-653.171748326,-648.968156181
40123,0.00549508309483,0.000100310609521,-4.07814103392e-07,-68.7685215189,-69.3932431113
40124,0.00202466707011,9.48057240193e-05,-3.31193878713e-07,-80.3075141092,-80.9322357015
40125,2.81382862145e-06,1.11346289149e-07,-2.03600139626e-10,-497.227791493,-494.09422418
40126,-1.96491319875e-06,2.48550096382e-07,-3.96846349065e-10,-464.175479888,-461.041912575
40127,1.9219708634e-05,7.58259974319e-08,-4.51864226031e-11,-350.949119534,-348.631353367
40128,0.138236265498,0.000407604920443,-1.28126792872e-07,-38.1393620134,-38.3016315662
40129,0.0150010705401,0.000874889392611,-9.45110757052e-08,-32.2042201858,-31.9658955608
40130,0.226641778967,0.0208783435778,-7.57012163475e-05,-16.387088816,-17.5587750787
